<?xml version="1.0" encoding="UTF-8"?>
<!--
  ~ Copyright 2001, 2012, Oracle and/or its affiliates. All rights reserved.
  ~ Oracle and Java are registered trademarks of Oracle and/or its
  ~ affiliates. Other names may be trademarks of their respective owners.
  ~ UNIX is a registered trademark of The Open Group.
  ~
  ~ This software and related documentation are provided under a license
  ~ agreement containing restrictions on use and disclosure and are
  ~ protected by intellectual property laws. Except as expressly permitted
  ~ in your license agreement or allowed by law, you may not use, copy,
  ~ reproduce, translate, broadcast, modify, license, transmit, distribute,
  ~ exhibit, perform, publish, or display any part, in any form, or by any
  ~ means. Reverse engineering, disassembly, or decompilation of this
  ~ software, unless required by law for interoperability, is prohibited.
  ~ The information contained herein is subject to change without notice
  ~ and is not warranted to be error-free. If you find any errors, please
  ~ report them to us in writing.
  ~ U.S. GOVERNMENT END USERS: Oracle programs, including any operating
  ~ system, integrated software, any programs installed on the hardware,
  ~ and/or documentation, delivered to U.S. Government end users are
  ~ "commercial computer software" pursuant to the applicable Federal
  ~ Acquisition Regulation and agency-specific supplemental regulations.
  ~ As such, use, duplication, disclosure, modification, and adaptation
  ~ of the programs, including any operating system, integrated software,
  ~ any programs installed on the hardware, and/or documentation, shall be
  ~ subject to license terms and license restrictions applicable to the
  ~ programs. No other rights are granted to the U.S. Government.
  ~ This software or hardware is developed for general use in a variety
  ~ of information management applications. It is not developed or
  ~ intended for use in any inherently dangerous applications, including
  ~ applications that may create a risk of personal injury. If you use
  ~ this software or hardware in dangerous applications, then you shall
  ~ be responsible to take all appropriate fail-safe, backup, redundancy,
  ~ and other measures to ensure its safe use. Oracle Corporation and its
  ~ affiliates disclaim any liability for any damages caused by use of this
  ~ software or hardware in dangerous applications.
  ~ This software or hardware and documentation may provide access to or
  ~ information on content, products, and services from third parties.
  ~ Oracle Corporation and its affiliates are not responsible for and
  ~ expressly disclaim all warranties of any kind with respect to
  ~ third-party content, products, and services. Oracle Corporation and
  ~ its affiliates will not be responsible for any loss, costs, or damages
  ~ incurred due to your access to or use of third-party content, products,
  ~ or services.
  -->

<spr:beans xmlns:spr="http://www.springframework.org/schema/beans"
  xmlns:xsi="http://www.w3.org/2001/XMLSchema-instance"
  xmlns:tx="http://www.springframework.org/schema/tx"
  xmlns:aop="http://www.springframework.org/schema/aop"
  xmlns="http://www.endeca.com/schema/eacToolkit"
  xsi:schemaLocation="
      http://www.springframework.org/schema/tx http://www.springframework.org/schema/tx/spring-tx-2.0.xsd
      http://www.springframework.org/schema/beans http://www.springframework.org/schema/beans/spring-beans-2.0.xsd
      http://www.springframework.org/schema/aop http://www.springframework.org/schema/aop/spring-aop-2.0.xsd
      http://www.endeca.com/schema/eacToolkit http://www.endeca.com/schema/eacToolkit/eacToolkit.xsd">

  <!--
    ########################################################################
    # PromoteAuthoringToLive - A script that promotes Workbench configuration
    # from the 'authoring environment' to the 'live environment'.
  -->
  <script id="PromoteAuthoringToLive">
    <log-dir>./logs/provisioned_scripts</log-dir>
    <provisioned-script-command>./control/promote_content.@@SCRIPT_SUFFIX@@</provisioned-script-command>
    <bean-shell-script>
      <![CDATA[ 
    IFCR.promoteFromAuthoringToLive();    
      ]]>
    </bean-shell-script>
  </script>
  
  <!--
    ########################################################################
    # WorkbenchManager - A component that interfaces with the legacy
    # 'web studio' configuration repository. It is used primarily during
    # data ingest to load post-forge dimensions into Workbench.
  -->
  <custom-component id="WorkbenchManager" host-id="ITLHost" class="com.endeca.soleng.eac.toolkit.component.WorkbenchManagerComponent">
    <properties>
      <property name="workbenchHost" value="@@HOST@@" />
      <property name="workbenchPort" value="@@WORKBENCH_PORT@@" />
    </properties>
    <directories>
      <directory name="configDir">./data/processing</directory>
      <directory name="workbenchTempDir">./data/workbench/temp</directory>
    </directories>
  </custom-component>
  
  <!--
    ########################################################################
    # IFCR - A component that interfaces with the Workbench repository.
  -->
  <custom-component id="IFCR" host-id="ITLHost" class="com.endeca.soleng.eac.toolkit.component.IFCRComponent">
    <properties>
      <property name="repositoryUrl" value="http://@@HOST@@:@@WORKBENCH_PORT@@/ifcr" />
      <property name="username" value="admin" />
      <property name="password" value="admin" />
      <property name="numExportBackups" value="3" />
    </properties>
  </custom-component>

</spr:beans>
