<?xml version="1.0" encoding="UTF-8"?>
<ContentTemplate xmlns="http://endeca.com/schema/content-template/2008"
                 xmlns:editors="editors"
                 type="BoostBuryRule"
                 id="SingleRuleContentSlot">

    <Description>Dynamic slot for SecondaryContent cartridges.</Description>
    <ThumbnailUrl>/ifcr/tools/xmgr/img/template_thumbnails/Secondary_Slot.png</ThumbnailUrl>

    <ContentItem>
        <Name>Boost Bury Content Slot</Name>
        <Property name="contentCollection"><String></String></Property>
        <Property name="ruleLimit"><String>1</String></Property>
    </ContentItem>

    <EditorPanel>
        <BasicContentItemEditor>
            <editors:DynamicSlotEditor zoneType="BoostBuryRule"/>
        </BasicContentItemEditor>
    </EditorPanel>
</ContentTemplate>
