<?xml version="1.0" encoding="UTF-8"?>
<ContentTemplate xmlns="http://endeca.com/schema/content-template/2008" 
        xmlns:editors="editors"
        xmlns:xavia="http://endeca.com/schema/xavia/2010"
        type="BoostBuryRule" 
        id="SingleRule">
    <Description>Single boost and bury rule</Description>
    <ThumbnailUrl>/ifcr/tools/xmgr/img/template_thumbnails/Main_ProductGrid.png</ThumbnailUrl>
    <ContentItem>
        <Name>Single Rule</Name>
        <Property name="boostStrata">
            <xavia:List/>
        </Property>
        <Property name="buryStrata">
            <xavia:List/>
        </Property>
    </ContentItem>
    
    <EditorPanel>
        <BasicContentItemEditor>
            <GroupLabel label="Single Boost and Bury rule"/>
            <editors:BoostBuryRecordEditor propertyName="boostStrata" buryProperty="buryStrata" label="Customize Results List"/>
        </BasicContentItemEditor>
    </EditorPanel>
</ContentTemplate>
