<?xml version="1.0" encoding="UTF-8"?>
<ContentTemplate xmlns="http://endeca.com/schema/content-template/2008" 
                 type="HeaderContent" 
                 id="HeaderContentBreadCrumbs">
    <Description>Displays breadcrumbs appropriate for the current navigation state.</Description>
    <ThumbnailUrl>/ifcr/tools/xmgr/img/template_thumbnails/MainContent_Breadcrumbs.png</ThumbnailUrl>
    <ContentItem>
        <Name>BreadCrumbs</Name>
    </ContentItem>
    
    <EditorPanel>
        <BasicContentItemEditor />
    </EditorPanel>
</ContentTemplate>
