<?xml version="1.0" encoding="UTF-8"?>
<!--
  ~ Copyright 2001, 2012, Oracle and/or its affiliates. All rights reserved.
  ~ Oracle and Java are registered trademarks of Oracle and/or its
  ~ affiliates. Other names may be trademarks of their respective owners.
  ~ UNIX is a registered trademark of The Open Group.
  ~
  ~ This software and related documentation are provided under a license
  ~ agreement containing restrictions on use and disclosure and are
  ~ protected by intellectual property laws. Except as expressly permitted
  ~ in your license agreement or allowed by law, you may not use, copy,
  ~ reproduce, translate, broadcast, modify, license, transmit, distribute,
  ~ exhibit, perform, publish, or display any part, in any form, or by any
  ~ means. Reverse engineering, disassembly, or decompilation of this
  ~ software, unless required by law for interoperability, is prohibited.
  ~ The information contained herein is subject to change without notice
  ~ and is not warranted to be error-free. If you find any errors, please
  ~ report them to us in writing.
  ~ U.S. GOVERNMENT END USERS: Oracle programs, including any operating
  ~ system, integrated software, any programs installed on the hardware,
  ~ and/or documentation, delivered to U.S. Government end users are
  ~ "commercial computer software" pursuant to the applicable Federal
  ~ Acquisition Regulation and agency-specific supplemental regulations.
  ~ As such, use, duplication, disclosure, modification, and adaptation
  ~ of the programs, including any operating system, integrated software,
  ~ any programs installed on the hardware, and/or documentation, shall be
  ~ subject to license terms and license restrictions applicable to the
  ~ programs. No other rights are granted to the U.S. Government.
  ~ This software or hardware is developed for general use in a variety
  ~ of information management applications. It is not developed or
  ~ intended for use in any inherently dangerous applications, including
  ~ applications that may create a risk of personal injury. If you use
  ~ this software or hardware in dangerous applications, then you shall
  ~ be responsible to take all appropriate fail-safe, backup, redundancy,
  ~ and other measures to ensure its safe use. Oracle Corporation and its
  ~ affiliates disclaim any liability for any damages caused by use of this
  ~ software or hardware in dangerous applications.
  ~ This software or hardware and documentation may provide access to or
  ~ information on content, products, and services from third parties.
  ~ Oracle Corporation and its affiliates are not responsible for and
  ~ expressly disclaim all warranties of any kind with respect to
  ~ third-party content, products, and services. Oracle Corporation and
  ~ its affiliates will not be responsible for any loss, costs, or damages
  ~ incurred due to your access to or use of third-party content, products,
  ~ or services.
  -->
<ContentTemplate xmlns="http://endeca.com/schema/content-template/2008"
                 xmlns:editors="editors" 
                 type="HeroBanner"
                 id="HeroBanner-FullWidth">
                 
  <Description>Displays the Home page Hero banner.</Description>
  <ThumbnailUrl>/ifcr/tools/xmgr/img/template_thumbnails/Header_Banner.png</ThumbnailUrl>
  
  <ContentItem>
    <Name>Home Page Hero Banner</Name>
    <Property name="bannerTitle">
      <String></String>
    </Property>
    <Property name="subTitle">
      <String></String>
    </Property>
    <Property name="subTitleLink">
      <String></String>
    </Property>
    <Property name="imageURL">
      <String></String>
    </Property>
    <Property name="linkURL">
      <String></String>
    </Property>  
    <Property name="promoEventId">
      <String></String>
    </Property>  
    <Property name="promoEventName">
      <String></String>
    </Property>  
    <Property name="promoEventCreative">
      <String></String>
    </Property>  
    <Property name="promoEventPosition">
      <String></String>
    </Property>  
    <Property name="bannerWidth">
      <String>100</String>
    </Property>
    <Property name="alignment">
      <String></String>
    </Property>
  </ContentItem>

  <EditorPanel>
    		<BasicContentItemEditor>
			<editors:StringEditor propertyName="bannerTitle" label="Banner Title" />
			<editors:StringEditor propertyName="subTitle" label="Sub Title" />
			<editors:StringEditor propertyName="subTitleLink" label="Link" />
			<editors:StringEditor propertyName="imageURL" label="Banner Image/Video" />
			<editors:StringEditor propertyName="linkURL" label="Call to Action" />
			<editors:StringEditor propertyName="promoEventId" label="Promo tracking ID" />
			<editors:StringEditor propertyName="promoEventName" label="Promo tracking name" />
			<editors:StringEditor propertyName="promoEventCreative" label="Promo tracking creative" />
			<editors:StringEditor propertyName="promoEventPosition" label="Promo tracking position" />			
			<editors:ChoiceEditor propertyName="alignment" label="Alignment" enabled="true">
				<choice label="Left" value="left" />
				<choice label="Right" value="right" />
				<choice label="Center" value="center" />
			</editors:ChoiceEditor>
		</BasicContentItemEditor>
  </EditorPanel>

</ContentTemplate>

<!-- @version $Id: //hosting-blueprint/B2CBlueprint/version/10.1.2/Storefront/deploy/cartridge_templates/HeaderContent-HeaderBanner-ATGCategory.xml#2 $$Change: 738700 $ -->
