<?xml version="1.0" encoding="UTF-8"?>
<!--
  ~ Copyright 2001, 2012, Oracle and/or its affiliates. All rights reserved.
  ~ Oracle and Java are registered trademarks of Oracle and/or its
  ~ affiliates. Other names may be trademarks of their respective owners.
  ~ UNIX is a registered trademark of The Open Group.
  ~
  ~ This software and related documentation are provided under a license
  ~ agreement containing restrictions on use and disclosure and are
  ~ protected by intellectual property laws. Except as expressly permitted
  ~ in your license agreement or allowed by law, you may not use, copy,
  ~ reproduce, translate, broadcast, modify, license, transmit, distribute,
  ~ exhibit, perform, publish, or display any part, in any form, or by any
  ~ means. Reverse engineering, disassembly, or decompilation of this
  ~ software, unless required by law for interoperability, is prohibited.
  ~ The information contained herein is subject to change without notice
  ~ and is not warranted to be error-free. If you find any errors, please
  ~ report them to us in writing.
  ~ U.S. GOVERNMENT END USERS: Oracle programs, including any operating
  ~ system, integrated software, any programs installed on the hardware,
  ~ and/or documentation, delivered to U.S. Government end users are
  ~ "commercial computer software" pursuant to the applicable Federal
  ~ Acquisition Regulation and agency-specific supplemental regulations.
  ~ As such, use, duplication, disclosure, modification, and adaptation
  ~ of the programs, including any operating system, integrated software,
  ~ any programs installed on the hardware, and/or documentation, shall be
  ~ subject to license terms and license restrictions applicable to the
  ~ programs. No other rights are granted to the U.S. Government.
  ~ This software or hardware is developed for general use in a variety
  ~ of information management applications. It is not developed or
  ~ intended for use in any inherently dangerous applications, including
  ~ applications that may create a risk of personal injury. If you use
  ~ this software or hardware in dangerous applications, then you shall
  ~ be responsible to take all appropriate fail-safe, backup, redundancy,
  ~ and other measures to ensure its safe use. Oracle Corporation and its
  ~ affiliates disclaim any liability for any damages caused by use of this
  ~ software or hardware in dangerous applications.
  ~ This software or hardware and documentation may provide access to or
  ~ information on content, products, and services from third parties.
  ~ Oracle Corporation and its affiliates are not responsible for and
  ~ expressly disclaim all warranties of any kind with respect to
  ~ third-party content, products, and services. Oracle Corporation and
  ~ its affiliates will not be responsible for any loss, costs, or damages
  ~ incurred due to your access to or use of third-party content, products,
  ~ or services.
  -->
<ContentTemplate xmlns="http://endeca.com/schema/content-template/2008"
                 xmlns:xavia="http://endeca.com/schema/xavia/2010"
                 xmlns:editors="editors"
                 type="HomeContent" id="FeaturedBrands">
    <Description>Display Featured categories on Home page.</Description>
    <ThumbnailUrl>/ifcr/tools/xmgr/img/template_thumbnails/dimension_navigation.jpg</ThumbnailUrl>
    <ContentItem>
        <Name>Featured Brands</Name>
	<Property name="title">
            <String/>
        </Property>
	<Property name="subTitle">
            <String/>
        </Property>
        <Property name="dimensionName">
            <String/>
        </Property>
        <Property name="dimensionId">
            <String/>
        </Property>
        <Property name="sort">
            <String>default</String>
        </Property>
        <Property name="showMoreLink">
            <Boolean>false</Boolean>
        </Property>
        <Property name="moreLinkText">
            <String>Show More Refinements...</String>
        </Property>
        <Property name="numRefinements">
            <String>4</String>
        </Property>
        <Property name="maxNumRefinements">
            <String>8</String>
        </Property>
        <Property name="boostRefinements">
            <xavia:List/>
        </Property>
        <Property name="buryRefinements">
            <xavia:List/>
        </Property>
        <Property name="displayNamePropertyAlias">
            <String>displayName</String>
        </Property>
        <Property name="link">
            <String/>
        </Property>
        <Property name="bannerImage">
            <String/>
        </Property>
 	<Property name="bannerImageLink">
            <String/>
        </Property>
 	<Property name="bannerImageTitle">
            <String/>
        </Property>
 	<Property name="bannerImageCTA">
            <String/>
        </Property>
    </ContentItem>
    <EditorPanel>
        <BasicContentItemEditor>
            <GroupLabel label="Featured Brands Display Settings"/>
	    <editors:StringEditor propertyName="title" label="Title" />
	    <editors:StringEditor propertyName="subTitle" label="Sub Title" />
	    <editors:StringEditor propertyName="link" label="Sub Title Link" />
	    <editors:StringEditor propertyName="bannerImage" label="Image Path" />
	    <editors:StringEditor propertyName="bannerImageLink" label="Image Link" />
	    <editors:StringEditor propertyName="bannerImageTitle" label="Image Title" />
	    <editors:StringEditor propertyName="bannerImageCTA" label="Image Click To Action" />

            <editors:DimensionSelectorEditor propertyName="dimensionName" idProperty="dimensionId" label="Dimension Name" enabled="true"/>
            <GroupLabel label="Categories Display Order"/>
            <editors:BoostBuryEditor propertyName="boostRefinements" buryProperty="buryRefinements" label="Boost and Bury" dimensionIdProperty="dimensionId" enabled="true"/>
            <GroupLabel label="Categories Size"/>
            <editors:NumericStepperEditor propertyName="numRefinements" label="Max. Refinements" maxValue="8" enabled="true"/>

        </BasicContentItemEditor>
    </EditorPanel>
</ContentTemplate>
