<?xml version="1.0" encoding="UTF-8"?>
<ContentTemplate xmlns="http://endeca.com/schema/content-template/2008"
				xmlns:editors="editors" 
				type="LeftContent" 
				id="HtmlContentTargeter">
	<Description>A custom cartridge that displays content from targeters whose name is configured here.</Description>
	<ThumbnailUrl>/ifcr/tools/xmgr/img/template_thumbnails/sidebar_content.jpg</ThumbnailUrl>
	<ContentItem>
		<Name>ATG Targeter cartridge</Name>
		<Property name="targeterName">
			<String />
		</Property>
	</ContentItem>
	<EditorPanel>
		<BasicContentItemEditor>
			<editors:StringEditor propertyName="targeterName" label="Targeter Name" />
		</BasicContentItemEditor>
	</EditorPanel>
</ContentTemplate>
