<?xml version="1.0" encoding="UTF-8"?>
<!--
  ~ Copyright 2001, 2012, Oracle and/or its affiliates. All rights reserved.
  ~ Oracle and Java are registered trademarks of Oracle and/or its
  ~ affiliates. Other names may be trademarks of their respective owners.
  ~ UNIX is a registered trademark of The Open Group.
  ~
  ~ This software and related documentation are provided under a license
  ~ agreement containing restrictions on use and disclosure and are
  ~ protected by intellectual property laws. Except as expressly permitted
  ~ in your license agreement or allowed by law, you may not use, copy,
  ~ reproduce, translate, broadcast, modify, license, transmit, distribute,
  ~ exhibit, perform, publish, or display any part, in any form, or by any
  ~ means. Reverse engineering, disassembly, or decompilation of this
  ~ software, unless required by law for interoperability, is prohibited.
  ~ The information contained herein is subject to change without notice
  ~ and is not warranted to be error-free. If you find any errors, please
  ~ report them to us in writing.
  ~ U.S. GOVERNMENT END USERS: Oracle programs, including any operating
  ~ system, integrated software, any programs installed on the hardware,
  ~ and/or documentation, delivered to U.S. Government end users are
  ~ "commercial computer software" pursuant to the applicable Federal
  ~ Acquisition Regulation and agency-specific supplemental regulations.
  ~ As such, use, duplication, disclosure, modification, and adaptation
  ~ of the programs, including any operating system, integrated software,
  ~ any programs installed on the hardware, and/or documentation, shall be
  ~ subject to license terms and license restrictions applicable to the
  ~ programs. No other rights are granted to the U.S. Government.
  ~ This software or hardware is developed for general use in a variety
  ~ of information management applications. It is not developed or
  ~ intended for use in any inherently dangerous applications, including
  ~ applications that may create a risk of personal injury. If you use
  ~ this software or hardware in dangerous applications, then you shall
  ~ be responsible to take all appropriate fail-safe, backup, redundancy,
  ~ and other measures to ensure its safe use. Oracle Corporation and its
  ~ affiliates disclaim any liability for any damages caused by use of this
  ~ software or hardware in dangerous applications.
  ~ This software or hardware and documentation may provide access to or
  ~ information on content, products, and services from third parties.
  ~ Oracle Corporation and its affiliates are not responsible for and
  ~ expressly disclaim all warranties of any kind with respect to
  ~ third-party content, products, and services. Oracle Corporation and
  ~ its affiliates will not be responsible for any loss, costs, or damages
  ~ incurred due to your access to or use of third-party content, products,
  ~ or services.
  -->
<ContentTemplate xmlns="http://endeca.com/schema/content-template/2008"
                 xmlns:editors="editors"
                 xmlns:xavia="http://endeca.com/schema/xavia/2010"
                 type="MainContent" 
                 id="FeaturedProducts">
    <Description>Displays selected records in the home page.</Description>
    <ThumbnailUrl>/ifcr/tools/xmgr/img/template_thumbnails/Main_HorizontalRecordSpotlight.png</ThumbnailUrl>
    <ContentItem>
        <Name>Featured Records</Name>
        <Property name="title">
            <String />
        </Property>
 	<Property name="subTitle">
            <String />
        </Property>
 	<Property name="link">
            <String />
        </Property>
        <Property name="maxNumRecords">
            <String>8</String>
        </Property>
        <Property name="recordSelection">
            <xavia:Item class="com.endeca.infront.cartridge.RecordSpotlightSelection" />
        </Property>
        <Property name="showSeeAllLink">
          <Boolean>false</Boolean>
        </Property>
        <Property name="seeAllLinkText">
          <String>See All</String>
        </Property>
    <Property name="addForYou">
      <Boolean>false</Boolean>
    </Property>
    <Property name="pageType">
    	<String>default</String>
	</Property>
    <Property name="sortOption">
      <xavia:Item class="com.endeca.infront.navigation.model.SortOption">
        <xavia:Property name="label">Default</xavia:Property>
        <xavia:Property name="sorts">
          <xavia:List>
            <xavia:Item class="com.endeca.infront.navigation.model.SortSpec">
              <xavia:Property name="key">sku.margin
              </xavia:Property>
              <xavia:Property name="descending">true</xavia:Property>
            </xavia:Item>
          </xavia:List>
        </xavia:Property>
      </xavia:Item>
    </Property>
    </ContentItem>
    
    <EditorPanel>
        <BasicContentItemEditor>
            <GroupLabel label="Define Recommendation"/>
            <editors:StringEditor propertyName="maxNumRecords" label="Max Number Of Records" enabled="true"/>
	    <editors:SpotlightSelectionEditor propertyName="recordSelection" label="Spotlight Records" />
			
            <GroupLabel label="Navigation Result Settings (apply when user does not provide search terms)"/>
            
            <editors:SortEditor propertyName="sortOption" label="Default Sort">
                <xavia:Item class="com.endeca.infront.navigation.model.SortOption">
                    <xavia:Property name="label">Product Grade (Ascending Order) </xavia:Property>
                    <xavia:Property name="sorts">
                        <xavia:List>
                            <xavia:Item class="com.endeca.infront.navigation.model.SortSpec">
                              <xavia:Property name="key">product.productGrade</xavia:Property>
                              <xavia:Property name="descending">false</xavia:Property>
                            </xavia:Item>
                        </xavia:List>
                    </xavia:Property>
                </xavia:Item>
                <xavia:Item class="com.endeca.infront.navigation.model.SortOption">
                    <xavia:Property name="label">Product Grade(Ascending),Price High to Low </xavia:Property>
                    <xavia:Property name="sorts">
                        <xavia:List>
                            <xavia:Item class="com.endeca.infront.navigation.model.SortSpec">
                              <xavia:Property name="key">product.productGrade</xavia:Property>
                              <xavia:Property name="descending">false</xavia:Property>
                            </xavia:Item>
                            <xavia:Item class="com.endeca.infront.navigation.model.SortSpec">
                                <xavia:Property name="key">primarySKU.activePriceValue_emptyourprice</xavia:Property>
                                <xavia:Property name="descending">true</xavia:Property>
                            </xavia:Item>                            
                        </xavia:List>
                    </xavia:Property>
                </xavia:Item>
                <xavia:Item class="com.endeca.infront.navigation.model.SortOption">
                    <xavia:Property name="label">Product Grade(Ascending),Price Low to High </xavia:Property>
                    <xavia:Property name="sorts">
                        <xavia:List>
                            <xavia:Item class="com.endeca.infront.navigation.model.SortSpec">
                              <xavia:Property name="key">product.productGrade</xavia:Property>
                              <xavia:Property name="descending">false</xavia:Property>
                            </xavia:Item>
                            <xavia:Item class="com.endeca.infront.navigation.model.SortSpec">
                                <xavia:Property name="key">primarySKU.activePriceValue_emptyourprice</xavia:Property>
                                <xavia:Property name="descending">false</xavia:Property>
                            </xavia:Item>                            
                        </xavia:List>
                    </xavia:Property>
                </xavia:Item>
                <xavia:Item class="com.endeca.infront.navigation.model.SortOption">
                    <xavia:Property name="label">Price Low to High, Product Grade(Ascending) </xavia:Property>
                    <xavia:Property name="sorts">
                        <xavia:List>
                            <xavia:Item class="com.endeca.infront.navigation.model.SortSpec">
                                <xavia:Property name="key">primarySKU.activePriceValue_emptyourprice</xavia:Property>
                                <xavia:Property name="descending">false</xavia:Property>
                            </xavia:Item>                            
                            <xavia:Item class="com.endeca.infront.navigation.model.SortSpec">
                              <xavia:Property name="key">product.productGrade</xavia:Property>
                              <xavia:Property name="descending">false</xavia:Property>
                            </xavia:Item>
                        </xavia:List>
                    </xavia:Property>
                </xavia:Item>

                <xavia:Item class="com.endeca.infront.navigation.model.SortOption">
                    <xavia:Property name="label">Product Grade (Descending Order) </xavia:Property>
                    <xavia:Property name="sorts">
                        <xavia:List>
                            <xavia:Item class="com.endeca.infront.navigation.model.SortSpec">
                              <xavia:Property name="key">product.productGrade</xavia:Property>
                              <xavia:Property name="descending">true</xavia:Property>
                            </xavia:Item>
                        </xavia:List>
                    </xavia:Property>
                </xavia:Item>
                <xavia:Item class="com.endeca.infront.navigation.model.SortOption">
                    <xavia:Property name="label">Price Low to High</xavia:Property>
                    <xavia:Property name="sorts">
                        <xavia:List>
                            <xavia:Item class="com.endeca.infront.navigation.model.SortSpec">
                                <xavia:Property name="key">primarySKU.activePriceValue_emptyourprice</xavia:Property>
                                <xavia:Property name="descending">false</xavia:Property>
                            </xavia:Item>
                        </xavia:List>
                    </xavia:Property>
                </xavia:Item>
                <xavia:Item class="com.endeca.infront.navigation.model.SortOption">
                    <xavia:Property name="label">Price High to Low, Product Grade(Ascending) </xavia:Property>
                    <xavia:Property name="sorts">
                        <xavia:List>
                            <xavia:Item class="com.endeca.infront.navigation.model.SortSpec">
                                <xavia:Property name="key">primarySKU.activePriceValue_emptyourprice</xavia:Property>
                                <xavia:Property name="descending">true</xavia:Property>
                            </xavia:Item>                            
                            <xavia:Item class="com.endeca.infront.navigation.model.SortSpec">
                              <xavia:Property name="key">product.productGrade</xavia:Property>
                              <xavia:Property name="descending">false</xavia:Property>
                            </xavia:Item>
                        </xavia:List>
                    </xavia:Property>
                </xavia:Item>
                <xavia:Item class="com.endeca.infront.navigation.model.SortOption">
                    <xavia:Property name="label">Price High to Low</xavia:Property>
                    <xavia:Property name="sorts">
                        <xavia:List>
                            <xavia:Item class="com.endeca.infront.navigation.model.SortSpec">
                                <xavia:Property name="key">primarySKU.activePriceValue_emptyourprice</xavia:Property>
                                <xavia:Property name="descending">true</xavia:Property>
                            </xavia:Item>
                        </xavia:List>
                    </xavia:Property>
                </xavia:Item>
                <xavia:Item class="com.endeca.infront.navigation.model.SortOption">
                    <xavia:Property name="label">Weekly Sale</xavia:Property>
                    <xavia:Property name="sorts">
                        <xavia:List>
                            <xavia:Item class="com.endeca.infront.navigation.model.SortSpec">
                                <xavia:Property name="key">product.sort.weaklySale</xavia:Property>
                                <xavia:Property name="descending">true</xavia:Property>
                            </xavia:Item>
                        </xavia:List>
                    </xavia:Property>
                </xavia:Item>
                <xavia:Item class="com.endeca.infront.navigation.model.SortOption">
                    <xavia:Property name="label">On Sale</xavia:Property>
                    <xavia:Property name="sorts">
                        <xavia:List>
                            <xavia:Item class="com.endeca.infront.navigation.model.SortSpec">
                                <xavia:Property name="key">product.sort.sale</xavia:Property>
                                <xavia:Property name="descending">true</xavia:Property>
                            </xavia:Item>
                        </xavia:List>
                    </xavia:Property>
                </xavia:Item>
                <xavia:Item class="com.endeca.infront.navigation.model.SortOption">
                    <xavia:Property name="label">Price Low to High, Product Grade(Ascending),Weekly Sale, Sale </xavia:Property>
                    <xavia:Property name="sorts">
                        <xavia:List>
                            <xavia:Item class="com.endeca.infront.navigation.model.SortSpec">
                                <xavia:Property name="key">primarySKU.activePriceValue_emptyourprice</xavia:Property>
                                <xavia:Property name="descending">false</xavia:Property>
                            </xavia:Item>                            
                            <xavia:Item class="com.endeca.infront.navigation.model.SortSpec">
                              <xavia:Property name="key">product.productGrade</xavia:Property>
                              <xavia:Property name="descending">false</xavia:Property>
                            </xavia:Item>
                            <xavia:Item class="com.endeca.infront.navigation.model.SortSpec">
                                <xavia:Property name="key">product.sort.weaklySale</xavia:Property>
                                <xavia:Property name="descending">true</xavia:Property>
                            </xavia:Item>
                            <xavia:Item class="com.endeca.infront.navigation.model.SortSpec">
                                <xavia:Property name="key">product.sort.sale</xavia:Property>
                                <xavia:Property name="descending">true</xavia:Property>
                            </xavia:Item>
			</xavia:List>
                    </xavia:Property>
                </xavia:Item>
                <xavia:Item class="com.endeca.infront.navigation.model.SortOption">
                    <xavia:Property name="label">Price High to Low, Product Grade(Ascending),Weekly Sale, Sale </xavia:Property>
                    <xavia:Property name="sorts">
                        <xavia:List>
                            <xavia:Item class="com.endeca.infront.navigation.model.SortSpec">
                                <xavia:Property name="key">primarySKU.activePriceValue_emptyourprice</xavia:Property>
                                <xavia:Property name="descending">true</xavia:Property>
                            </xavia:Item>                            
                            <xavia:Item class="com.endeca.infront.navigation.model.SortSpec">
                              <xavia:Property name="key">product.productGrade</xavia:Property>
                              <xavia:Property name="descending">false</xavia:Property>
                            </xavia:Item>
                            <xavia:Item class="com.endeca.infront.navigation.model.SortSpec">
                                <xavia:Property name="key">product.sort.weaklySale</xavia:Property>
                                <xavia:Property name="descending">true</xavia:Property>
                            </xavia:Item>
                            <xavia:Item class="com.endeca.infront.navigation.model.SortSpec">
                                <xavia:Property name="key">product.sort.sale</xavia:Property>
                                <xavia:Property name="descending">true</xavia:Property>
                            </xavia:Item>
			</xavia:List>
                    </xavia:Property>
                </xavia:Item>

                <xavia:Item class="com.endeca.infront.navigation.model.SortOption">
                    <xavia:Property name="label">Product Grade(Ascending),Price Low to High,Weekly Sale, Sale </xavia:Property>
                    <xavia:Property name="sorts">
                        <xavia:List>
                            <xavia:Item class="com.endeca.infront.navigation.model.SortSpec">
                              <xavia:Property name="key">product.productGrade</xavia:Property>
                              <xavia:Property name="descending">false</xavia:Property>
                            </xavia:Item>
                            <xavia:Item class="com.endeca.infront.navigation.model.SortSpec">
                                <xavia:Property name="key">primarySKU.activePriceValue_emptyourprice</xavia:Property>
                                <xavia:Property name="descending">false</xavia:Property>
                            </xavia:Item>                            
                            <xavia:Item class="com.endeca.infront.navigation.model.SortSpec">
                                <xavia:Property name="key">product.sort.weaklySale</xavia:Property>
                                <xavia:Property name="descending">true</xavia:Property>
                            </xavia:Item>
                            <xavia:Item class="com.endeca.infront.navigation.model.SortSpec">
                                <xavia:Property name="key">product.sort.sale</xavia:Property>
                                <xavia:Property name="descending">true</xavia:Property>
                            </xavia:Item>
			</xavia:List>
                    </xavia:Property>
                </xavia:Item>
                <xavia:Item class="com.endeca.infront.navigation.model.SortOption">
                    <xavia:Property name="label"> Product Grade(Ascending),Price High to Low,Weekly Sale, Sale </xavia:Property>
                    <xavia:Property name="sorts">
                        <xavia:List>
                            <xavia:Item class="com.endeca.infront.navigation.model.SortSpec">
                              <xavia:Property name="key">product.productGrade</xavia:Property>
                              <xavia:Property name="descending">false</xavia:Property>
                            </xavia:Item>
			    <xavia:Item class="com.endeca.infront.navigation.model.SortSpec">
                                <xavia:Property name="key">primarySKU.activePriceValue_emptyourprice</xavia:Property>
                                <xavia:Property name="descending">true</xavia:Property>
                            </xavia:Item>                            
                            <xavia:Item class="com.endeca.infront.navigation.model.SortSpec">
                                <xavia:Property name="key">product.sort.weaklySale</xavia:Property>
                                <xavia:Property name="descending">true</xavia:Property>
                            </xavia:Item>
                            <xavia:Item class="com.endeca.infront.navigation.model.SortSpec">
                                <xavia:Property name="key">product.sort.sale</xavia:Property>
                                <xavia:Property name="descending">true</xavia:Property>
                            </xavia:Item>
			</xavia:List>
                    </xavia:Property>
                </xavia:Item>

                <xavia:Item class="com.endeca.infront.navigation.model.SortOption">
                    <xavia:Property name="label">Weekly Sale, Sale,Product Grade(Ascending),Price Low to High </xavia:Property>
                    <xavia:Property name="sorts">
                        <xavia:List>
                            <xavia:Item class="com.endeca.infront.navigation.model.SortSpec">
                                <xavia:Property name="key">product.sort.weaklySale</xavia:Property>
                                <xavia:Property name="descending">true</xavia:Property>
                            </xavia:Item>
                            <xavia:Item class="com.endeca.infront.navigation.model.SortSpec">
                                <xavia:Property name="key">product.sort.sale</xavia:Property>
                                <xavia:Property name="descending">true</xavia:Property>
                            </xavia:Item>
			    <xavia:Item class="com.endeca.infront.navigation.model.SortSpec">
                              <xavia:Property name="key">product.productGrade</xavia:Property>
                              <xavia:Property name="descending">false</xavia:Property>
                            </xavia:Item>
                            <xavia:Item class="com.endeca.infront.navigation.model.SortSpec">
                                <xavia:Property name="key">primarySKU.activePriceValue_emptyourprice</xavia:Property>
                                <xavia:Property name="descending">false</xavia:Property>
                            </xavia:Item>                            
			</xavia:List>
                    </xavia:Property>
                </xavia:Item>
                <xavia:Item class="com.endeca.infront.navigation.model.SortOption">
                    <xavia:Property name="label"> Weekly Sale, Sale,Product Grade(Ascending),Price High to Low </xavia:Property>
                    <xavia:Property name="sorts">
                        <xavia:List>
                            <xavia:Item class="com.endeca.infront.navigation.model.SortSpec">
                                <xavia:Property name="key">product.sort.weaklySale</xavia:Property>
                                <xavia:Property name="descending">true</xavia:Property>
                            </xavia:Item>
                            <xavia:Item class="com.endeca.infront.navigation.model.SortSpec">
                                <xavia:Property name="key">product.sort.sale</xavia:Property>
                                <xavia:Property name="descending">true</xavia:Property>
                            </xavia:Item>						
                            <xavia:Item class="com.endeca.infront.navigation.model.SortSpec">
                              <xavia:Property name="key">product.productGrade</xavia:Property>
                              <xavia:Property name="descending">false</xavia:Property>
                            </xavia:Item>
			    <xavia:Item class="com.endeca.infront.navigation.model.SortSpec">
                                <xavia:Property name="key">primarySKU.activePriceValue_emptyourprice</xavia:Property>
                                <xavia:Property name="descending">true</xavia:Property>
                            </xavia:Item>                            
			</xavia:List>
                    </xavia:Property>
                </xavia:Item>				
            </editors:SortEditor>

        </BasicContentItemEditor>
    </EditorPanel>
</ContentTemplate>

<!-- @version $Id: //hosting-blueprint/B2CBlueprint/version/10.1.2/Storefront/deploy/cartridge_templates/MainContent-HorizontalRecordSpotlight.xml#1 $$Change: 729921 $ -->
