<?xml version="1.0" encoding="UTF-8"?>

<ContentTemplate xmlns="http://endeca.com/schema/content-template/2008"
                 xmlns:xavia="http://endeca.com/schema/xavia/2010"
                 xmlns:editors="editors"
                 type="Navigation" id="MaskedPriceRange">
  <Description>Displays a range control for percentageOff filtering in the refinements menu.</Description>
  <ThumbnailUrl>/ifcr/tools/xmgr/img/template_thumbnails/dimension_navigation.jpg</ThumbnailUrl>
  <ContentItem>
    <Name>MaskedPriceRange</Name>
    <Property name="rangeProperty">
      <String>product.primarySKU.activePrice</String>
    </Property>
	<Property name="maskMap">
		<xavia:Item/>
	</Property>
    <Property name="view">
            <String>collapsed</String>
        </Property>
    <Property name="scrollLimit">
            <String>10</String>
    </Property>
  </ContentItem>
  <EditorPanel>
    <BasicContentItemEditor>
       <editors:StringMapEditor propertyName="maskMap" label="Masked Name" enabled="true"/>
        <GroupLabel label="Dimension Configurations"/>
             <editors:ChoiceEditor label="View" propertyName="view">
                <choice label="Compact" value="compact"/>
                <choice label="Collapsed" value="collapsed"/>
            </editors:ChoiceEditor>
            <editors:NumericStepperEditor propertyName="scrollLimit" label="Scroll Limit" maxValue="999" enabled="true"/>
    </BasicContentItemEditor>
  </EditorPanel>
</ContentTemplate>