<?xml version="1.0" encoding="UTF-8"?>

<ContentTemplate xmlns="http://endeca.com/schema/content-template/2008"
                 xmlns:xavia="http://endeca.com/schema/xavia/2010"
                 xmlns:editors="editors"
                 type="Navigation" id="MaskedRefinementMenu">
    <Description>Displays a refinement dimension, such as color or size, in the refinements menu.</Description>
    <ThumbnailUrl>/ifcr/tools/xmgr/img/template_thumbnails/dimension_navigation.jpg</ThumbnailUrl>
    <ContentItem>
        <Name>Dimension Navigation</Name>
        <Property name="dimensionName">
            <String/>
        </Property>
        <Property name="dimensionId">
            <String/>
        </Property>
        <Property name="sort">
            <String>default</String>
        </Property>
		<Property name="view">
            <String>collapsed</String>
        </Property>
		<Property name="scrollLimit">
            <String>10</String>
        </Property>
        <Property name="showMoreLink">
            <Boolean>false</Boolean>
        </Property>
        <Property name="moreLinkText">
            <String>Show More Refinements...</String>
        </Property>
        <Property name="numRefinements">
            <String>10</String>
        </Property>
        <Property name="maxNumRefinements">
            <String>200</String>
        </Property>
        <Property name="boostRefinements">
            <xavia:List/>
        </Property>
        <Property name="buryRefinements">
            <xavia:List/>
        </Property>
        <Property name="displayNamePropertyAlias">
            <String>displayName</String>
        </Property>
		<Property name="maskMap">
			<xavia:Item/>
		</Property>
    </ContentItem>
    <EditorPanel>
        <BasicContentItemEditor>
            <editors:DimensionSelectorEditor propertyName="dimensionName" idProperty="dimensionId" label="Dimension Name" enabled="true"/>
            <GroupLabel label="Refinement Menu Order"/>
            <editors:ChoiceEditor label="Sorting Options" propertyName="sort">
                <choice label="Dimension Default" value="default"/>
                <choice label="Alphabetical (Dynamic Ranking)" value="static"/>
                <choice label="Frequency (Dynamic Ranking)" value="dynRank"/>
            </editors:ChoiceEditor>
            <editors:BoostBuryEditor propertyName="boostRefinements" buryProperty="buryRefinements" label="Boost and Bury" dimensionIdProperty="dimensionId" enabled="true"/>
            <GroupLabel label="Dimension Configurations"/>
             <editors:ChoiceEditor label="View" propertyName="view">
                <choice label="Compact" value="compact"/>
                <choice label="Collapsed" value="collapsed"/>
            </editors:ChoiceEditor>
            <editors:NumericStepperEditor propertyName="scrollLimit" label="Scroll Limit" maxValue="999" enabled="true"/>  
            <GroupLabel label="Refinement Menu Size"/>
            <editors:NumericStepperEditor propertyName="numRefinements" label="Max. Refinements" maxValue="10000" enabled="true"/>
            <GroupLabel label="More Link"/>
            <editors:BooleanEditor propertyName="showMoreLink" label="Enable 'More' Link" enabled="true"/>
            <editors:StringEditor propertyName="moreLinkText" label="'More' Link Text" enabled="true"/>
            <!-- TODO: Determine a way to make this limitless -->
            <editors:NumericStepperEditor propertyName="maxNumRefinements" label="'More' Max. Refinements" maxValue="100000" enabled="true"/>
			<editors:StringMapEditor propertyName="maskMap" label="Masked Name" enabled="true"/>
        </BasicContentItemEditor>
    </EditorPanel>
</ContentTemplate>
