<?xml version="1.0" encoding="UTF-8"?>
<!--
  ~ Copyright 2001, 2012, Oracle and/or its affiliates. All rights reserved.
  ~ Oracle and Java are registered trademarks of Oracle and/or its
  ~ affiliates. Other names may be trademarks of their respective owners.
  ~ UNIX is a registered trademark of The Open Group.
  ~
  ~ This software and related documentation are provided under a license
  ~ agreement containing restrictions on use and disclosure and are
  ~ protected by intellectual property laws. Except as expressly permitted
  ~ in your license agreement or allowed by law, you may not use, copy,
  ~ reproduce, translate, broadcast, modify, license, transmit, distribute,
  ~ exhibit, perform, publish, or display any part, in any form, or by any
  ~ means. Reverse engineering, disassembly, or decompilation of this
  ~ software, unless required by law for interoperability, is prohibited.
  ~ The information contained herein is subject to change without notice
  ~ and is not warranted to be error-free. If you find any errors, please
  ~ report them to us in writing.
  ~ U.S. GOVERNMENT END USERS: Oracle programs, including any operating
  ~ system, integrated software, any programs installed on the hardware,
  ~ and/or documentation, delivered to U.S. Government end users are
  ~ "commercial computer software" pursuant to the applicable Federal
  ~ Acquisition Regulation and agency-specific supplemental regulations.
  ~ As such, use, duplication, disclosure, modification, and adaptation
  ~ of the programs, including any operating system, integrated software,
  ~ any programs installed on the hardware, and/or documentation, shall be
  ~ subject to license terms and license restrictions applicable to the
  ~ programs. No other rights are granted to the U.S. Government.
  ~ This software or hardware is developed for general use in a variety
  ~ of information management applications. It is not developed or
  ~ intended for use in any inherently dangerous applications, including
  ~ applications that may create a risk of personal injury. If you use
  ~ this software or hardware in dangerous applications, then you shall
  ~ be responsible to take all appropriate fail-safe, backup, redundancy,
  ~ and other measures to ensure its safe use. Oracle Corporation and its
  ~ affiliates disclaim any liability for any damages caused by use of this
  ~ software or hardware in dangerous applications.
  ~ This software or hardware and documentation may provide access to or
  ~ information on content, products, and services from third parties.
  ~ Oracle Corporation and its affiliates are not responsible for and
  ~ expressly disclaim all warranties of any kind with respect to
  ~ third-party content, products, and services. Oracle Corporation and
  ~ its affiliates will not be responsible for any loss, costs, or damages
  ~ incurred due to your access to or use of third-party content, products,
  ~ or services.
  -->
<ContentTemplate xmlns="http://endeca.com/schema/content-template/2008"
                 xmlns:xavia="http://endeca.com/schema/xavia/2010"
                 xmlns:editors="editors"
                 type="Navigation" id="RefinementMenu">
    <Description>Displays a refinement dimension, such as color or size, in the refinements menu.</Description>
    <ThumbnailUrl>/ifcr/tools/xmgr/img/template_thumbnails/dimension_navigation.jpg</ThumbnailUrl>
    <ContentItem>
        <Name>Dimension Navigation</Name>
        <Property name="dimensionName">
            <String/>
        </Property>
        <Property name="dimensionId">
            <String/>
        </Property>
        <Property name="sort">
            <String>default</String>
        </Property>
		<Property name="view">
            <String>collapsed</String>
        </Property>
		<Property name="scrollLimit">
            <String>10</String>
        </Property>
        <Property name="showMoreLink">
            <Boolean>false</Boolean>
        </Property>
        <Property name="moreLinkText">
            <String>Show More Refinements...</String>
        </Property>
        <Property name="numRefinements">
            <String>10</String>
        </Property>
        <Property name="maxNumRefinements">
            <String>200</String>
        </Property>
        <Property name="boostRefinements">
            <xavia:List/>
        </Property>
        <Property name="buryRefinements">
            <xavia:List/>
        </Property>
        <Property name="displayNamePropertyAlias">
            <String>displayName</String>
        </Property>
    </ContentItem>
    <EditorPanel>
        <BasicContentItemEditor>
            <editors:DimensionSelectorEditor propertyName="dimensionName" idProperty="dimensionId" label="Dimension Name" enabled="true"/>
            <GroupLabel label="Refinement Menu Order"/>
            <editors:ChoiceEditor label="Sorting Options" propertyName="sort">
                <choice label="Dimension Default" value="default"/>
                <choice label="Alphabetical (Dynamic Ranking)" value="static"/>
                <choice label="Frequency (Dynamic Ranking)" value="dynRank"/>
            </editors:ChoiceEditor>
            <editors:BoostBuryEditor propertyName="boostRefinements" buryProperty="buryRefinements" label="Boost and Bury" dimensionIdProperty="dimensionId" enabled="true"/>
            <GroupLabel label="Dimension Configurations"/>
             <editors:ChoiceEditor label="View" propertyName="view">
                <choice label="Compact" value="compact"/>
                <choice label="Collapsed" value="collapsed"/>
            </editors:ChoiceEditor>
            <editors:NumericStepperEditor propertyName="scrollLimit" label="Scroll Limit" maxValue="999" enabled="true"/>  
            <GroupLabel label="Refinement Menu Size"/>
            <editors:NumericStepperEditor propertyName="numRefinements" label="Max. Refinements" maxValue="10000" enabled="true"/>
            <GroupLabel label="More Link"/>
            <editors:BooleanEditor propertyName="showMoreLink" label="Enable 'More' Link" enabled="true"/>
            <editors:StringEditor propertyName="moreLinkText" label="'More' Link Text" enabled="true"/>
            <!-- TODO: Determine a way to make this limitless -->
            <editors:NumericStepperEditor propertyName="maxNumRefinements" label="'More' Max. Refinements" maxValue="100000" enabled="true"/>
        </BasicContentItemEditor>
    </EditorPanel>
</ContentTemplate>
