<?xml version="1.0" encoding="UTF-8"?>
<ContentTemplate xmlns="http://endeca.com/schema/content-template/2008"
                 xmlns:editors="editors" 
                 type="Page"
                 id="BrandLandingPage">
    <Description>Single-column page layout.</Description>
    <ThumbnailUrl>/ifcr/tools/xmgr/img/template_thumbnails/Page_OneColumn.png</ThumbnailUrl>
    <ContentItem>
      <Name>Content</Name>
      <Property name="HeaderContent">
        <ContentItemList type="HeaderContent"/>
      </Property>
      <Property name="MainContent">
        <ContentItemList type="MainContent" />
      </Property>
	 <Property name="SecondaryContent">
        <ContentItemList type="SecondaryContent" />
      </Property>
	<Property name="BrandDescription">
        <ContentItemList type="RightContent" />
      </Property>

     <Property name="bgImage">
          <String></String>
      </Property>
    </ContentItem>
    <EditorPanel>
      <BasicContentItemEditor>
		 <editors:StringEditor propertyName="bgImage" label="Background Image Path" />
      </BasicContentItemEditor>
    </EditorPanel>
</ContentTemplate>
