<?xml version="1.0" encoding="UTF-8"?>
<ContentTemplate xmlns="http://endeca.com/schema/content-template/2008"
				xmlns:editors="editors" 
				type="RightContent" id="BrandDescription">
	<Description>A custom cartridge that displays brand description</Description>
	<ThumbnailUrl>/ifcr/tools/xmgr/img/template_thumbnails/sidebar_content.jpg</ThumbnailUrl>
	<ContentItem>
		<Name>Brand Description</Name>
	</ContentItem>
	<EditorPanel>
		<BasicContentItemEditor />
	</EditorPanel>
</ContentTemplate>
