<?xml version="1.0" encoding="UTF-8"?>
<ContentTemplate xmlns="http://endeca.com/schema/content-template/2008" 
                 xmlns:editors="editors"
                 type="RightContent" 
                 id="PromotionalContent-BrandDescriptionTargeter">
    <Description>Displays a single promotional content item, as defined by the specified BrandDescription targeter.</Description>
    <ThumbnailUrl>/ifcr/tools/xmgr/img/template_thumbnails/Secondary_Content.png</ThumbnailUrl>
    <ContentItem>
        <Name>PromotionalContent-BrandDescriptionTargeter</Name>
        <Property name="componentPath">
          <String/>
        </Property>
        <Property name="itemCount">
          <String>1</String>
        </Property>
    </ContentItem>
    
    <EditorPanel>
        <BasicContentItemEditor>
          <GroupLabel label="General settings"/>
          <editors:StringEditor propertyName="componentPath" label="ATG Targeter Path"
            bottomLabel="Example: myPath/myATGTargeter"/>
        </BasicContentItemEditor>
    </EditorPanel>
</ContentTemplate>
