<?xml version="1.0" encoding="UTF-8"?>
<ContentTemplate xmlns="http://endeca.com/schema/content-template/2008" 
				 xmlns:editors="editors"
                 type="SecondaryContent" 
                 id="CollectionsFacet">
    <Description>Displays breadcrumbs appropriate for the current navigation state.</Description>
    <ThumbnailUrl>/ifcr/tools/xmgr/img/template_thumbnails/Secondary_Breadcrumbs.png</ThumbnailUrl>
    <ContentItem>
        <Name>CollectionsFacet</Name>
		<Property name="view">
            <String>collapsed</String>
        </Property>
    </ContentItem>
    
    <EditorPanel>
        <BasicContentItemEditor>
		    <GroupLabel label="Dimension Configurations"/>
             <editors:ChoiceEditor label="View" propertyName="view">
                <choice label="Compact" value="compact"/>
                <choice label="Collapsed" value="collapsed"/>
            </editors:ChoiceEditor>
        </BasicContentItemEditor> 
    </EditorPanel>
</ContentTemplate>
