<?xml version="1.0" encoding="UTF-8"?>

<ContentTemplate xmlns="http://endeca.com/schema/content-template/2008" xmlns:editors="editors"
xmlns:xavia="http://endeca.com/schema/xavia/2010" type="ShippingNavigationMenuItem" id="ShippingMaskedPercentageOffRange">
	<Description>Displays a range control for percentageOff filtering in the shipping refinements menu.</Description>
	<ThumbnailUrl>/ifcr/tools/xmgr/img/template_thumbnails/dimension_navigation.jpg</ThumbnailUrl>
	<ContentItem>
		<Name>MaskedPercentageOffRange</Name>
		<Property name="rangeProperty">
			<String>product.primarySKU.percentSave</String>
		</Property>
		<Property name="maskMap">
			<xavia:Item/>
		</Property>
		<Property name="view">
			<String>collapsed</String>
		</Property>
	</ContentItem>
	<EditorPanel>
		<BasicContentItemEditor>
			<editors:StringMapEditor propertyName="maskMap" label="MaskValue" enabled="true"/>
			<GroupLabel label="Dimension Configurations"/>
				<editors:ChoiceEditor label="View" propertyName="view">
					<choice label="Compact" value="compact"/>
					<choice label="Collapsed" value="collapsed"/>
				</editors:ChoiceEditor>
		</BasicContentItemEditor>
	</EditorPanel>
</ContentTemplate>