attribute.name,attribute.type,attribute.display_name,attribute.offline_sort,attribute.record_filterable,attribute.rollup_key,attribute.search_interface,attribute.search.searchable,attribute.search.wildcard,attribute.show_with_list,attribute.show_with_record,attribute.source_name,attribute.property.data_type,attribute.dimension.autogen,attribute.dimension.compute_refinement_counts,attribute.dimension.dyn_ranking_enabled,attribute.dimension.dyn_ranking_refinement_count,attribute.dimension.dyn_ranking_more,attribute.dimension.dyn_ranking_sort,attribute.dimension.hidden,attribute.dimension.hierarchy_dim_search,attribute.dimension.hierarchy_record_search,attribute.dimension.multiselect_type,attribute.dimension.refinements_sort_order
product.primarySKU.scoreA,property,,TRUE,,,,,,,,product.primarySKU.scoreA,decimal,,,,,,,TRUE,,,,
product.primarySKU.scoreB,property,,TRUE,,,,,,,,product.primarySKU.scoreB,decimal,,,,,,,TRUE,,,,
product.primarySKU.scoreC,property,,TRUE,,,,,,,,product.primarySKU.scoreC,decimal,,,,,,,TRUE,,,,
product.primarySKU.scoreD,property,,TRUE,,,,,,,,product.primarySKU.scoreD,decimal,,,,,,,TRUE,,,,
product.primarySKU.scoreE,property,,TRUE,,,,,,,,product.primarySKU.scoreE,decimal,,,,,,,TRUE,,,,
product.primarySKU.scoreF,property,,TRUE,,,,,,,,product.primarySKU.scoreF,decimal,,,,,,,TRUE,,,,
product.primarySKU.scoreG,property,,TRUE,,,,,,,,product.primarySKU.scoreG,decimal,,,,,,,TRUE,,,,
product.primarySKU.scoreH,property,,TRUE,,,,,,,,product.primarySKU.scoreH,decimal,,,,,,,TRUE,,,,
product.primarySKU.scoreI,property,,TRUE,,,,,,,,product.primarySKU.scoreI,decimal,,,,,,,TRUE,,,,
product.primarySKU.scoreJ,property,,TRUE,,,,,,,,product.primarySKU.scoreJ,decimal,,,,,,,TRUE,,,,
product.primarySKU.scoreK,property,,TRUE,,,,,,,,product.primarySKU.scoreK,decimal,,,,,,,TRUE,,,,
product.primarySKU.scoreM,property,,TRUE,,,,,,,,product.primarySKU.scoreM,decimal,,,,,,,TRUE,,,,
product.primarySKU.scoreN,property,,TRUE,,,,,,,,product.primarySKU.scoreN,decimal,,,,,,,TRUE,,,,
product.primarySKU.scoreO,property,,TRUE,,,,,,,,product.primarySKU.scoreO,decimal,,,,,,,TRUE,,,,
product.primarySKU.scoreP,property,,TRUE,,,,,,,,product.primarySKU.scoreP,decimal,,,,,,,TRUE,,,,
product.primarySKU.scoreQ,property,,TRUE,,,,,,,,product.primarySKU.scoreQ,decimal,,,,,,,TRUE,,,,
product.primarySKU.scoreR,property,,TRUE,,,,,,,,product.primarySKU.scoreR,decimal,,,,,,,TRUE,,,,
product.primarySKU.scoreS,property,,TRUE,,,,,,,,product.primarySKU.scoreS,decimal,,,,,,,TRUE,,,,
product.primarySKU.scoreT,property,,TRUE,,,,,,,,product.primarySKU.scoreT,decimal,,,,,,,TRUE,,,,
product.primarySKU.scoreU,property,,TRUE,,,,,,,,product.primarySKU.scoreU,decimal,,,,,,,TRUE,,,,
product.primarySKU.scoreV,property,,TRUE,,,,,,,,product.primarySKU.scoreV,decimal,,,,,,,TRUE,,,,
product.primarySKU.scoreW,property,,TRUE,,,,,,,,product.primarySKU.scoreW,decimal,,,,,,,TRUE,,,,
product.primarySKU.scoreX,property,,TRUE,,,,,,,,product.primarySKU.scoreX,decimal,,,,,,,TRUE,,,,
product.primarySKU.scoreY,property,,TRUE,,,,,,,,product.primarySKU.scoreY,decimal,,,,,,,TRUE,,,,
product.primarySKU.scoreZ,property,,TRUE,,,,,,,,product.primarySKU.scoreZ,decimal,,,,,,,TRUE,,,,
product.primarySKU.visibilityIndex,,,TRUE,,,,,,,,product.primarySKU.visibilityIndex,decimal,,,,,,,TRUE,,,,
product.primarySKU.ashfordScore,,,TRUE,,,,,,,,product.primarySKU.ashfordScore,decimal,,,,,,,TRUE,,,,
product.primarySKU.brandScore,,,TRUE,,,,,,,,product.primarySKU.brandScore,decimal,,,,,,,TRUE,,,,
sku.scoreA,,,,,,,,,,,,,,,,,,,TRUE,,,,
sku.scoreB,,,,,,,,,,,,,,,,,,,TRUE,,,,
sku.scoreC,,,,,,,,,,,,,,,,,,,TRUE,,,,
sku.scoreD,,,,,,,,,,,,,,,,,,,TRUE,,,,
sku.scoreE,,,,,,,,,,,,,,,,,,,TRUE,,,,
sku.scoreF,,,,,,,,,,,,,,,,,,,TRUE,,,,
sku.scoreG,,,,,,,,,,,,,,,,,,,TRUE,,,,
sku.scoreH,,,,,,,,,,,,,,,,,,,TRUE,,,,
sku.scoreI,,,,,,,,,,,,,,,,,,,TRUE,,,,
sku.scoreJ,,,,,,,,,,,,,,,,,,,TRUE,,,,
sku.scoreK,,,,,,,,,,,,,,,,,,,TRUE,,,,
sku.scoreL,,,,,,,,,,,,,,,,,,,TRUE,,,,
sku.scoreM,,,,,,,,,,,,,,,,,,,TRUE,,,,
sku.scoreN,,,,,,,,,,,,,,,,,,,TRUE,,,,
sku.scoreO,,,,,,,,,,,,,,,,,,,TRUE,,,,
sku.scoreP,,,,,,,,,,,,,,,,,,,TRUE,,,,
sku.scoreQ,,,,,,,,,,,,,,,,,,,TRUE,,,,
sku.scoreR,,,,,,,,,,,,,,,,,,,TRUE,,,,
sku.scoreS,,,,,,,,,,,,,,,,,,,TRUE,,,,
sku.scoreT,,,,,,,,,,,,,,,,,,,TRUE,,,,
sku.scoreU,,,,,,,,,,,,,,,,,,,TRUE,,,,
sku.scoreV,,,,,,,,,,,,,,,,,,,TRUE,,,,
sku.scoreW,,,,,,,,,,,,,,,,,,,TRUE,,,,
sku.scoreX,,,,,,,,,,,,,,,,,,,TRUE,,,,
sku.scoreY,,,,,,,,,,,,,,,,,,,TRUE,,,,
sku.scoreZ,,,,,,,,,,,,,,,,,,,TRUE,,,,
product.primarySKU.cat1100058Score,,,,,,,,,,,,,,,,,,,TRUE,,,,
product.primarySKU.cat1130073Score,,,,,,,,,,,,,,,,,,,TRUE,,,,
product.primarySKU.cat1130082Score,,,,,,,,,,,,,,,,,,,TRUE,,,,
product.primarySKU.cat1150077Score,,,,,,,,,,,,,,,,,,,TRUE,,,,
product.primarySKU.cat280033Score,,,,,,,,,,,,,,,,,,,TRUE,,,,
product.primarySKU.cat280035Score,,,,,,,,,,,,,,,,,,,TRUE,,,,
product.primarySKU.cat280037Score,,,,,,,,,,,,,,,,,,,TRUE,,,,
product.primarySKU.cat320021Score,,,,,,,,,,,,,,,,,,,TRUE,,,,
product.primarySKU.cat320022Score,,,,,,,,,,,,,,,,,,,TRUE,,,,
product.primarySKU.cat320023Score,,,,,,,,,,,,,,,,,,,TRUE,,,,
product.primarySKU.cat320024Score,,,,,,,,,,,,,,,,,,,TRUE,,,,
product.primarySKU.cat320025Score,,,,,,,,,,,,,,,,,,,TRUE,,,,
product.primarySKU.cat320026Score,,,,,,,,,,,,,,,,,,,TRUE,,,,
product.primarySKU.cat360021Score,,,,,,,,,,,,,,,,,,,TRUE,,,,
product.primarySKU.cat360022Score,,,,,,,,,,,,,,,,,,,TRUE,,,,
product.primarySKU.cat360023Score,,,,,,,,,,,,,,,,,,,TRUE,,,,
product.primarySKU.cat360024Score,,,,,,,,,,,,,,,,,,,TRUE,,,,
product.primarySKU.cat390022Score,,,,,,,,,,,,,,,,,,,TRUE,,,,
product.primarySKU.cat390091Score,,,,,,,,,,,,,,,,,,,TRUE,,,,
product.primarySKU.cat390092Score,,,,,,,,,,,,,,,,,,,TRUE,,,,
product.primarySKU.cat420024Score,,,,,,,,,,,,,,,,,,,TRUE,,,,
product.primarySKU.cat430022Score,,,,,,,,,,,,,,,,,,,TRUE,,,,
product.primarySKU.cat450034Score,,,,,,,,,,,,,,,,,,,TRUE,,,,
product.primarySKU.cat450040Score,,,,,,,,,,,,,,,,,,,TRUE,,,,
product.primarySKU.cat450042Score,,,,,,,,,,,,,,,,,,,TRUE,,,,
product.primarySKU.cat450046Score,,,,,,,,,,,,,,,,,,,TRUE,,,,
product.primarySKU.cat450048Score,,,,,,,,,,,,,,,,,,,TRUE,,,,
product.primarySKU.cat450050Score,,,,,,,,,,,,,,,,,,,TRUE,,,,
product.primarySKU.cat460022Score,,,,,,,,,,,,,,,,,,,TRUE,,,,
product.primarySKU.cat460024Score,,,,,,,,,,,,,,,,,,,TRUE,,,,
product.primarySKU.cat460028Score,,,,,,,,,,,,,,,,,,,TRUE,,,,
product.primarySKU.cat470122Score,,,,,,,,,,,,,,,,,,,TRUE,,,,
product.primarySKU.cat470133Score,,,,,,,,,,,,,,,,,,,TRUE,,,,
product.primarySKU.cat500032Score,,,,,,,,,,,,,,,,,,,TRUE,,,,
product.primarySKU.cat600032Score,,,,,,,,,,,,,,,,,,,TRUE,,,,
product.primarySKU.cat600033Score,,,,,,,,,,,,,,,,,,,TRUE,,,,
product.primarySKU.cat6028Score,,,,,,,,,,,,,,,,,,,TRUE,,,,
product.primarySKU.cat680029Score,,,,,,,,,,,,,,,,,,,TRUE,,,,
product.primarySKU.cat690027Score,,,,,,,,,,,,,,,,,,,TRUE,,,,
product.primarySKU.cat690028Score,,,,,,,,,,,,,,,,,,,TRUE,,,,
product.primarySKU.cat690029Score,,,,,,,,,,,,,,,,,,,TRUE,,,,
product.primarySKU.cat690030Score,,,,,,,,,,,,,,,,,,,TRUE,,,,
product.primarySKU.cat960022Score,,,,,,,,,,,,,,,,,,,TRUE,,,,
product.primarySKU.cat980021Score,,,,,,,,,,,,,,,,,,,TRUE,,,,
